Anna Němec;2B
Tereza Procházka;2B
Tereza Kučera;2B
Jan Černá;2B
Eva Král;2B
Tereza Dvořák;2B
Barbora Němec;2B
Anna Procházka;2B
Eva Veselý;2B
Lucie Horák;2B
Tereza Horák;2B
Petr Procházka;2B
Anna Svoboda;2B
Barbora Kučera;2B
Eva Novák;2B
Tereza Král;2B
Anna Král;2B
Tomáš Svoboda;2B
Anna Král;2B
David Kučera;2B
Barbora Černá;2B
Petr Procházka;2B
Petr Černá;2B
Tereza Černá;2B
Petr Veselý;2B
Petr Král;2B
Eva Horák;2B
Tereza Horák;2B
Tereza Procházka;2B
Eva Procházka;2B
Lucie Novák;2B
Jan Černá;2B
David Kučera;2B
David Černá;2B
Tomáš Veselý;2B
Petr Král;2B
Eva Procházka;2B
Lucie Černá;2B
Jakub Král;2B
Jan Černá;2B
David Svoboda;2B
Jakub Procházka;2B
David Novák;2B
Jan Novák;2B
Tomáš Král;2B
David Kučera;2B
Jan Němec;2B
Tomáš Veselý;2B
David Kučera;2B
David Černá;2B
Tereza Král;2B
Anna Král;2B
David Svoboda;2B
Tomáš Král;2B
Tereza Novák;2B
Petr Král;2B
Anna Veselý;2B
Barbora Němec;2B
Tereza Černá;2B
Barbora Novák;2B
David Kučera;2B
Jan Kučera;2B
Tomáš Svoboda;2B
Jan Horák;2B
David Dvořák;2B
Barbora Němec;2B
Lucie Němec;2B
Anna Novák;2B
Tomáš Dvořák;2B
Eva Němec;2B
Eva Dvořák;2B
Anna Svoboda;2B
Barbora Král;2B
Tereza Novák;2B
Jakub Dvořák;2B
Jakub Černá;2B
Jan Černá;2B
Petr Kučera;2B
Jan Dvořák;2B
Jakub Král;2B
Tomáš Dvořák;2B
Eva Veselý;2B
